ISO3,Name,2010,2011,2012,2013,2014,2015,2016,2017,2018,2019,2020,2021,2022
AFG,Afghanistan,0.221522091,0.211899619,0.227326382,0.229081439,0.245571497,0.244570882,0.255770063,0.246029862,0.241010608,0.248741123,0.237494551,0.247010486,0.250170592
ALB,Albania,0.371603712,0.370484429,0.377778421,0.390705632,0.41439624,0.419362854,0.413485079,0.414570437,0.416876485,0.410337698,0.41051982,0.415554363,0.421475226
DZA,Algeria,0.282221511,0.275526206,0.275895596,0.288822662,0.286183387,0.290977146,0.300840096,0.323634146,0.324980497,0.325884378,0.32831236,0.332142729,0.337639984
AND,Andorra,0.270970568,0.275343021,0.279292678,0.285358113,0.285908434,0.291700495,0.298304111,0.302246481,0.303512849,0.34324513,0.350236958,0.35209519,0.397004792
AGO,Angola,0.189723493,0.18781437,0.200504178,0.209312294,0.216402585,0.211777056,0.239973526,0.242696464,0.254305319,0.257704777,0.260157018,0.266714008,0.270459219
ATG,Antigua and Barbuda,0.487170459,0.48078276,0.489363988,0.483123348,0.457540702,0.464268451,0.457376894,0.438820192,0.451555912,0.453211329,0.451754052,0.448117282,0.449569467
ARG,Argentina,0.353880511,0.357222254,0.351446083,0.340572044,0.332769622,0.335900456,0.37223934,0.376074105,0.379087948,0.376781771,0.381977892,0.376861178,0.37582632
ARM,Armenia,0.430811706,0.430932843,0.440857639,0.45673852,0.470756779,0.478555182,0.489311126,0.487574368,0.499079328,0.510610348,0.504434595,0.504011207,0.501353573
AUS,Australia,0.696457701,0.700222452,0.703723205,0.714300167,0.715788781,0.712159488,0.711084836,0.696643989,0.700983122,0.699044908,0.686581182,0.699247103,0.696994032
AUT,Austria,0.678966257,0.679493924,0.68473662,0.699588068,0.712948429,0.708937771,0.692095287,0.695271262,0.695418506,0.690671927,0.686400454,0.684133576,0.678961147
AZE,Azerbaijan,0.364756642,0.367480184,0.362062056,0.383159067,0.409013282,0.417000565,0.437073168,0.426185233,0.428040446,0.448320655,0.434419968,0.448620643,0.444347915
BHS,Bahamas,0.447877883,0.448560077,0.453027765,0.443986478,0.449112364,0.443311285,0.436232421,0.429057899,0.426422199,0.427055895,0.422481423,0.425700929,0.425833488
BHR,Bahrain,0.455853435,0.462811152,0.46671154,0.467174261,0.485864864,0.482684079,0.472111757,0.464978703,0.466655984,0.473098173,0.502535036,0.52134368,0.5299319
BGD,Bangladesh,0.454882797,0.457886451,0.459416156,0.460580163,0.254640561,0.251795399,0.267886646,0.268419236,0.272156024,0.27253086,0.277901613,0.278501827,0.27484091
BRB,Barbados,0.6315271,0.64090183,0.511484406,0.515312247,0.511135368,0.525729974,0.511203293,0.520073381,0.521194612,0.525379661,0.536458197,0.591925326,0.593347108
BLR,Belarus,0.434907868,0.446617921,0.476039954,0.480346754,0.473827607,0.472542818,0.488654416,0.511087286,0.513170199,0.515894068,0.489199973,0.483025773,0.466394436
BEL,Belgium,0.586897482,0.587903845,0.595010888,0.601529962,0.613973566,0.613655693,0.604566622,0.598465211,0.590958405,0.590674715,0.597543911,0.598901204,0.598332633
BLZ,Belize,0.337151047,0.325980927,0.332373515,0.334971051,0.331755242,0.331404931,0.327808568,0.327419657,0.327200064,0.327902887,0.334313716,0.329923239,0.335117353
BEN,Benin,0.273169773,0.277185421,0.274724671,0.286835809,0.288823651,0.302833404,0.309293106,0.320559752,0.331234104,0.325563841,0.332659927,0.334732897,0.338375813
BTN,Bhutan,0.391505635,0.390657718,0.394397959,0.402345305,0.430985217,0.432537993,0.462989857,0.479227794,0.479250492,0.481280807,0.479929376,0.475488717,0.478080566
BOL,"Bolivia, Plurinational State of",0.280074688,0.284048554,0.276204936,0.284643884,0.280682474,0.276169688,0.278120469,0.28364408,0.283863868,0.27656036,0.280425772,0.282839935,0.279937513
BIH,Bosnia and Herzegovina,0.333755417,0.34277508,0.349093996,0.363680966,0.381411905,0.36739249,0.37127022,0.377106748,0.375062051,0.367260221,0.363598933,0.366360383,0.368365736
BWA,Botswana,0.390626609,0.389198188,0.396617585,0.402175824,0.423205838,0.417404316,0.434473989,0.427005444,0.427908097,0.43282212,0.429481282,0.432852259,0.434064329
BRA,Brazil,0.443653098,0.446037342,0.44440817,0.442678198,0.356697953,0.348724636,0.352081473,0.345921176,0.343836779,0.349509151,0.354151771,0.35252804,0.353960407
BRN,Brunei Darussalam,0.473607338,0.47464938,0.475563421,0.484090765,0.502804421,0.496671127,0.498781782,0.498396214,0.522202192,0.514004126,0.532892594,0.530803069,0.535065087
BGR,Bulgaria,0.442368579,0.446018249,0.450250721,0.455058152,0.465478655,0.46696794,0.466042791,0.466363706,0.464953435,0.466580481,0.45987865,0.458535982,0.457723656
BFA,Burkina Faso,0.284975489,0.277609245,0.276823073,0.271327565,0.274492624,0.277149526,0.29815919,0.29903322,0.297620143,0.289563181,0.285601345,0.287483951,0.283529782
BDI,Burundi,0.205495154,0.200679517,0.200832885,0.228752691,0.272273526,0.255546937,0.266625557,0.267219923,0.26462153,0.264656969,0.262148919,0.26820154,0.272169239
KHM,Cambodia,0.273061349,0.276458421,0.288213627,0.280514398,0.286489256,0.282975989,0.29186732,0.287250012,0.285976766,0.286409832,0.283255353,0.287327057,0.289287208
CMR,Cameroon,0.242298779,0.250096319,0.250839316,0.254532318,0.25668088,0.253393301,0.263046688,0.259729392,0.259423758,0.257714047,0.259354349,0.260352829,0.262502537
CAN,Canada,0.665408501,0.673207353,0.671894435,0.674380523,0.687060588,0.678880449,0.668254238,0.66475743,0.655831744,0.653408286,0.646809114,0.651409062,0.650276513
CPV,Cape Verde,0.394395569,0.410728669,0.417601567,0.420289253,0.438591145,0.44120919,0.43748565,0.437244327,0.436723565,0.436767073,0.443848368,0.449140619,0.449691672
CAF,Central African Republic,0.136518446,0.136309903,0.143565761,0.126804257,0.114612892,0.118633633,0.141756571,0.139117968,0.138179054,0.137654136,0.132108935,0.135983242,0.135861601
TCD,Chad,0.161188366,0.163252651,0.168887813,0.167991936,0.165354673,0.170119273,0.183868094,0.186044764,0.184920714,0.187964565,0.191494664,0.189978956,0.188640937
CHL,Chile,0.519710668,0.526010303,0.542145155,0.547935456,0.566337729,0.559190579,0.543369378,0.542406755,0.5433374,0.534750093,0.533976739,0.538063132,0.536889518
CHN,China,0.560520189,0.56595423,0.570607611,0.577778868,0.43379824,0.44636777,0.448545733,0.459232785,0.464857793,0.531016575,0.548373067,0.554115454,0.557006608
COL,Colombia,0.340874745,0.355548638,0.35513333,0.357257282,0.380363994,0.379590611,0.378574349,0.376977446,0.373749461,0.371744717,0.374571672,0.37174025,0.376664782
COM,Comoros,0.264236128,0.267045341,0.267754771,0.283242623,0.29780843,0.291734935,0.301132711,0.299286187,0.289037373,0.285955609,0.280723303,0.281436488,0.28291247
COG,Congo,0.217160106,0.213585736,0.205911583,0.20901727,0.217907444,0.211899716,0.234157604,0.225773101,0.229615141,0.229535813,0.226761763,0.231840583,0.235179134
COD,"Congo, the Democratic Republic o",0.126398862,0.146693856,0.147977681,0.151246297,0.150830298,0.163515033,0.207751728,0.204139993,0.211303099,0.20953588,0.210913163,0.2116237,0.211828835
CRI,Costa Rica,0.408938819,0.403452338,0.417380955,0.430938654,0.454047578,0.459373233,0.452649129,0.448792081,0.450296836,0.452307092,0.452511904,0.449575117,0.453366701
CIV,Cote d'Ivoire,0.183477255,0.184224331,0.197848372,0.209849124,0.247783248,0.264192922,0.285795591,0.282185068,0.291211633,0.297598357,0.301121825,0.311357634,0.317986034
HRV,Croatia,0.469117437,0.466666639,0.465442336,0.474708948,0.481249555,0.485379226,0.488714132,0.484751381,0.487319987,0.493298033,0.485549541,0.484770592,0.488900987
CUB,Cuba,0.358771172,0.341750595,0.324446597,0.309586473,0.312201187,0.314054289,0.323292139,0.339191675,0.338223974,0.343013986,0.343864825,0.347216478,0.349763099
CYP,Cyprus,0.499832001,0.492231801,0.49848807,0.502491961,0.518611682,0.518794479,0.506447275,0.519826781,0.514632287,0.522213046,0.517672338,0.521038846,0.519904236
CZE,Czech Republic,0.518515944,0.529138357,0.533221837,0.547508713,0.563403669,0.566133899,0.557333298,0.565053358,0.560595604,0.560484745,0.554135067,0.555860056,0.556284759
DNK,Denmark,0.764871825,0.775026121,0.777791879,0.788597117,0.796746987,0.795915777,0.772937942,0.771717582,0.76983778,0.767041563,0.773241648,0.768363892,0.769795864
DJI,Djibouti,0.300536307,0.294342378,0.296972789,0.292726938,0.301794527,0.307191152,0.299458296,0.316660292,0.323904097,0.325990765,0.325392489,0.324089785,0.323934713
DMA,Dominica,0.538016807,0.535830623,0.529742292,0.537857908,0.543578198,0.541140926,0.532643478,0.534243652,0.528769383,0.5135637,0.519940854,0.518117791,0.519424841
DOM,Dominican Republic,0.345096447,0.339569416,0.348380775,0.347599071,0.360660365,0.361892591,0.355301745,0.350958697,0.348421331,0.351252974,0.355760086,0.363038461,0.367039122
ECU,Ecuador,0.289558108,0.295791491,0.302332896,0.310687697,0.315859078,0.312862977,0.332944623,0.330817556,0.334238356,0.336797713,0.342902192,0.348039064,0.346439229
EGY,Egypt,0.3375108,0.325377215,0.326126215,0.319819162,0.329036627,0.329594541,0.327248925,0.33263712,0.336729727,0.340579406,0.345832522,0.351349971,0.348059729
SLV,El Salvador,0.352406312,0.354940108,0.351316648,0.349934553,0.357775552,0.349289533,0.337065731,0.333032752,0.338708292,0.343816497,0.344212873,0.340599509,0.338719418
GNQ,Equatorial Guinea,0.252877834,0.250443528,0.250790041,0.251907089,0.246204292,0.244397364,0.250626769,0.241638595,0.24803052,0.250750018,0.252783185,0.251856093,0.254640432
ERI,Eritrea,0.207702877,0.206650568,0.201937443,0.199733066,0.20495239,0.194979956,0.212820986,0.213718582,0.215257927,0.214443149,0.218316155,0.218487586,0.214651743
EST,Estonia,0.619239482,0.6139861,0.603062228,0.614819995,0.642919881,0.638872316,0.61799865,0.61944153,0.616895728,0.620749643,0.616185643,0.619704279,0.620680416
ETH,Ethiopia,0.284389933,0.286747035,0.281795462,0.281962258,0.287302141,0.28598571,0.302504815,0.296969346,0.313068531,0.313129311,0.302186596,0.293963607,0.29585137
FJI,Fiji,0.399922462,0.413117389,0.412454673,0.412302029,0.441554586,0.445482222,0.457483362,0.468326013,0.478282552,0.483013231,0.474411478,0.476086539,0.475091666
FIN,Finland,0.764663017,0.76487163,0.77342749,0.778628717,0.78918404,0.771217894,0.751115863,0.751799641,0.747922261,0.745348479,0.750874127,0.755013455,0.753812328
FRA,France,0.659176282,0.656624245,0.655980387,0.652757448,0.662370173,0.661781222,0.649316891,0.654301074,0.650758578,0.665197069,0.64718762,0.655434015,0.654164662
GAB,Gabon,0.298331885,0.298117237,0.302093384,0.299430188,0.307686713,0.300719795,0.303526606,0.299107233,0.297116845,0.294323526,0.298696455,0.300146856,0.298934087
GMB,Gambia,0.306843405,0.309809858,0.307081611,0.305286267,0.306898975,0.306937735,0.295398033,0.308991707,0.308176303,0.312368726,0.323318186,0.319131199,0.32344641
GEO,Georgia,0.471234359,0.47813241,0.498053414,0.517909149,0.55305568,0.548859761,0.552171261,0.557640506,0.564757257,0.5669779,0.565783378,0.571676791,0.572943423
DEU,Germany,0.698075774,0.696015574,0.697306127,0.705007471,0.725371499,0.713779608,0.697405347,0.694829452,0.694861324,0.692053053,0.687224296,0.691629348,0.688689763
GHA,Ghana,0.347150136,0.352146777,0.350239595,0.357244178,0.345404773,0.348170249,0.345469096,0.350978783,0.350110473,0.350983508,0.347030063,0.34641327,0.347962011
GRC,Greece,0.493630899,0.485004655,0.477450335,0.494742938,0.507961752,0.51130492,0.501600523,0.501578372,0.510646327,0.516941288,0.525216332,0.531256205,0.52973972
GRD,Grenada,0.449830414,0.462439256,0.470715457,0.483228167,0.499891545,0.517558803,0.521682968,0.518510385,0.511810128,0.513751138,0.518106028,0.532080943,0.53441322
GTM,Guatemala,0.286990657,0.286258194,0.283156224,0.290024688,0.311840729,0.314871805,0.31602909,0.310272986,0.308134485,0.314843405,0.30962433,0.308435161,0.309441748
GIN,Guinea,0.233673904,0.241238996,0.247287096,0.262553983,0.278065046,0.293944095,0.306678007,0.303734353,0.302519537,0.309376289,0.309550968,0.307720526,0.308932873
GNB,Guinea-Bissau,0.240587204,0.238854595,0.24369501,0.241673951,0.255442268,0.256803968,0.264135592,0.266816139,0.266316392,0.268512511,0.26584733,0.274195433,0.274521886
GUY,Guyana,0.298296124,0.295429042,0.28954008,0.295967506,0.308347256,0.307906422,0.319223663,0.315173348,0.318392552,0.326222679,0.332484589,0.339542198,0.341405476
HTI,Haiti,0.219970633,0.216217361,0.224639506,0.23138503,0.230247923,0.228141451,0.24015837,0.239243644,0.239382243,0.232919141,0.230463389,0.222776225,0.216975902
HND,Honduras,0.284831842,0.27345214,0.263549859,0.268531532,0.274676647,0.275709021,0.27071456,0.271963098,0.271737897,0.264583691,0.264243346,0.25871732,0.263565206
HUN,Hungary,0.524993092,0.532437901,0.530646427,0.528844085,0.520413059,0.51430426,0.502450278,0.501367053,0.495222106,0.498475122,0.498491325,0.49996514,0.493164882
ISL,Iceland,0.731909774,0.729855825,0.712896561,0.713662064,0.754130178,0.732472335,0.715360907,0.714250326,0.733123593,0.720570508,0.712254368,0.709795818,0.700331411
IND,India,0.479647332,0.480738854,0.482865708,0.487500002,0.287604626,0.291264748,0.319550473,0.334997819,0.344246791,0.360213253,0.384176168,0.388196948,0.394955148
IDN,Indonesia,0.468024527,0.473328635,0.483281315,0.490993811,0.34886374,0.346193337,0.352381137,0.372140842,0.381040399,0.379618216,0.388208314,0.393486406,0.396698032
IRN,"Iran, Islamic Republic of",0.344651861,0.358313998,0.360406494,0.369178893,0.400913631,0.411916822,0.437309492,0.434947243,0.396056385,0.390231194,0.381713148,0.373983623,0.37636312
IRQ,Iraq,0.260239395,0.266820321,0.262315235,0.265989159,0.273721228,0.266360595,0.286632578,0.299097006,0.296710238,0.296731339,0.29234551,0.299773008,0.304720124
IRL,Ireland,0.602265128,0.598144608,0.58924961,0.605512481,0.627830587,0.636423968,0.614036066,0.609360282,0.611026985,0.595532977,0.596007028,0.600875764,0.604386093
ISR,Israel,0.536020902,0.535512584,0.533619273,0.529996918,0.54152813,0.545151135,0.532364638,0.529033584,0.526659008,0.52502461,0.537337738,0.536872857,0.534178776
ITA,Italy,0.509920837,0.505282746,0.495081886,0.495179698,0.510584288,0.514630688,0.508861265,0.504764898,0.518641981,0.521287678,0.522400839,0.530502876,0.532319247
JAM,Jamaica,0.337095089,0.349654182,0.348832526,0.360461724,0.369803295,0.361794821,0.385612782,0.389466166,0.397902706,0.393772893,0.40300383,0.407259973,0.412309964
JPN,Japan,0.742319312,0.745780772,0.750595048,0.759030244,0.710890859,0.703798437,0.688221334,0.694220484,0.689309911,0.688133048,0.686124943,0.687828489,0.690445874
JOR,Jordan,0.398030401,0.400312421,0.409625947,0.406981204,0.418032356,0.418254589,0.407203697,0.405347591,0.403133253,0.3986542,0.408049788,0.407569452,0.411320057
KAZ,Kazakhstan,0.428321912,0.424880143,0.435795906,0.450312186,0.474391101,0.466887321,0.488555449,0.507580174,0.50283132,0.509563733,0.511398781,0.514021404,0.513297981
KEN,Kenya,0.257585033,0.248691261,0.241541492,0.249225233,0.259770371,0.255177313,0.274245562,0.28789558,0.297285254,0.296302667,0.300528874,0.306038085,0.3100915
KIR,Kiribati,0.435543564,0.432826702,0.431737296,0.433953942,0.441241113,0.436606875,0.432666061,0.443757685,0.44263013,0.45299024,0.457058055,0.449250408,0.444073793
PRK,"Korea, Democratic People's Repub",0.355750613,0.355706906,0.360841996,0.351068586,0.338073672,0.333305808,0.337735566,0.338792118,0.34116947,0.340623391,0.340105332,0.340327731,0.340298064
KOR,"Korea, Republic of",0.705265673,0.70856337,0.709281546,0.720792164,0.73507849,0.728949538,0.713231205,0.717744617,0.723241099,0.720786151,0.721316611,0.725779721,0.729504468
KWT,Kuwait,0.410456014,0.401556357,0.399040815,0.406746967,0.410363462,0.398514767,0.406124138,0.401429086,0.411586608,0.419876464,0.458672193,0.462854177,0.468008223
KGZ,Kyrgyzstan,0.324946659,0.341375187,0.332777867,0.343437596,0.364009985,0.355345557,0.386580192,0.392403996,0.390754247,0.394752018,0.394424756,0.394542151,0.392827329
LAO,Lao People's Democratic Republic,0.269302817,0.276723711,0.288534057,0.293043076,0.298746541,0.295998885,0.311236668,0.315777368,0.32453965,0.324961481,0.329701803,0.334518233,0.333916556
LVA,Latvia,0.533984276,0.535131193,0.562271518,0.577039805,0.580684476,0.584476166,0.573689514,0.579789365,0.572225737,0.575952674,0.579629709,0.586601459,0.580885093
LBN,Lebanon,0.315635817,0.320315998,0.321379743,0.328642356,0.326759731,0.321719056,0.317285481,0.311766701,0.307701567,0.301272411,0.293797848,0.295226999,0.296065339
LSO,Lesotho,0.284006193,0.285082068,0.284098164,0.308243555,0.315542041,0.310031154,0.320748938,0.320328187,0.312962936,0.304738289,0.307943978,0.305163307,0.307497599
LBR,Liberia,0.26254049,0.262074845,0.271608839,0.281831449,0.290639992,0.286340925,0.290320829,0.291577972,0.286982309,0.276541853,0.277031817,0.281052712,0.281375024
LBY,Libyan Arab Jamahiriya,0.449487823,0.427495321,0.421605592,0.298805286,0.292892481,0.286718326,0.286837144,0.286266542,0.282846718,0.277668157,0.276000378,0.283563411,0.283410799
LIE,Liechtenstein,0.626470968,0.631656106,0.631705528,0.632370163,0.63656972,0.628367896,0.629676535,0.632824771,0.63475143,0.637747537,0.642999354,0.638880168,0.64296679
LTU,Lithuania,0.56256737,0.560833735,0.572107553,0.579419391,0.602462581,0.593427122,0.581008558,0.577002967,0.583226544,0.589272555,0.593283432,0.597245694,0.593974519
LUX,Luxembourg,0.648716761,0.655354944,0.674858594,0.680718509,0.691924087,0.699706393,0.687433348,0.681394654,0.683535049,0.666764433,0.672721045,0.655461629,0.653505983
MKD,Macedonia,0.398128436,0.40250241,0.424785608,0.435075488,0.471887086,0.467509195,0.462359923,0.463887201,0.461400157,0.46243677,0.464808282,0.465865812,0.469334819
MDG,Madagascar,0.253987623,0.255125227,0.25930885,0.256378184,0.262430957,0.26047118,0.261829635,0.26061112,0.263639007,0.262701757,0.262477699,0.263786444,0.262948974
MWI,Malawi,0.279508178,0.280783056,0.277311283,0.270212367,0.260762211,0.258873906,0.278944723,0.276974611,0.272571856,0.278967528,0.290155664,0.293755555,0.289300756
MYS,Malaysia,0.451949602,0.452418919,0.480629751,0.496021978,0.526752727,0.527793225,0.502912129,0.488952903,0.496104075,0.504979231,0.505132803,0.502617604,0.505324216
MDV,Maldives,0.41716396,0.410751133,0.40675027,0.395968538,0.416426271,0.413769253,0.425403838,0.421843778,0.424326039,0.438236928,0.439420507,0.445903472,0.450503243
MLI,Mali,0.304977324,0.30488716,0.278819487,0.282783913,0.288922597,0.288591862,0.304279856,0.303979062,0.3009537,0.295702474,0.28899688,0.287444184,0.284263198
MLT,Malta,0.625102657,0.617092123,0.515628545,0.521282848,0.51597961,0.522297973,0.494083484,0.507452926,0.507131902,0.49220624,0.502295204,0.499009269,0.501133823
MHL,Marshall Islands,0.359499767,0.369833476,0.368678982,0.376433245,0.380005014,0.394267666,0.392655818,0.403487712,0.395864711,0.403984926,0.405982983,0.410641131,0.418244046
MRT,Mauritania,0.282413509,0.282061224,0.294896833,0.298177928,0.312349547,0.313467775,0.345964582,0.351192989,0.359074727,0.361024321,0.35857651,0.357246443,0.359361539
MUS,Mauritius,0.503966606,0.513223892,0.517642819,0.524905441,0.538579613,0.539497273,0.523369449,0.522841842,0.547990597,0.549573205,0.566242116,0.565857505,0.565010797
MEX,Mexico,0.503930658,0.506869319,0.514888664,0.515758732,0.374928998,0.372328559,0.370329083,0.370195591,0.369962371,0.365797873,0.364857014,0.359562262,0.360954745
FSM,"Micronesia, Federated States of",0.339363621,0.331112634,0.336811223,0.339692726,0.347669235,0.349438873,0.355039945,0.357004234,0.35770661,0.354004788,0.357436164,0.361067244,0.364867979
MDA,"Moldova, Republic of",0.386792055,0.391694302,0.39214836,0.392240988,0.40281145,0.3939654,0.409916042,0.41858421,0.4235687,0.429697982,0.429854575,0.437056022,0.436796185
MCO,Monaco,0.707319436,0.713374748,0.667462451,0.690368188,0.720151864,0.709120485,0.749358221,0.775747304,0.689795257,0.7702376,0.709310012,0.692506387,0.696839352
MNG,Mongolia,0.377411176,0.380635146,0.384784607,0.400984121,0.429457001,0.423313857,0.449466183,0.453198941,0.454381516,0.458940684,0.455794258,0.461541639,0.460322831
MNE,Montenegro,0.428087965,0.430093828,0.453425818,0.449198374,0.465004467,0.469039957,0.45623684,0.455376693,0.464377274,0.47499598,0.466155649,0.466661051,0.467751291
MAR,Morocco,0.369897187,0.359079084,0.368663947,0.376187506,0.406329767,0.410421585,0.409049904,0.409888385,0.41230909,0.418721756,0.428633926,0.428070669,0.433904055
MOZ,Mozambique,0.279507519,0.279405487,0.268978232,0.25844116,0.274568626,0.271250945,0.261786025,0.257334129,0.266262627,0.268997479,0.262704285,0.261721348,0.262375994
MMR,Myanmar,0.352631199,0.362221428,0.382554933,0.194594912,0.218638317,0.229689839,0.268724347,0.272411604,0.274414519,0.272077808,0.285305936,0.258491487,0.252049767
NAM,Namibia,0.363982169,0.362884214,0.36787176,0.370433803,0.373418762,0.373413476,0.386726733,0.378653405,0.38508402,0.381956812,0.380009485,0.379496118,0.380898191
NRU,Nauru,0.535967139,0.518838835,0.521772107,0.472346679,0.38978869,0.50771956,0.526393864,0.531190199,0.562335925,0.553164774,0.560777113,0.563607251,0.574435399
NPL,Nepal,0.310270865,0.306855898,0.312720398,0.322459423,0.341461152,0.340259487,0.35443004,0.353992518,0.356646693,0.350256281,0.355254653,0.359266761,0.359128158
NLD,Netherlands,0.678784582,0.689869305,0.686394331,0.694944386,0.716878049,0.708302178,0.694088033,0.691871043,0.687520065,0.684174213,0.681014489,0.681208552,0.676022136
NZL,New Zealand,0.773739215,0.777998046,0.780186703,0.783690498,0.803049216,0.802086746,0.790775037,0.790986829,0.782932854,0.699490472,0.698255433,0.697936812,0.696747759
NIC,Nicaragua,0.273399419,0.27681794,0.289328742,0.298356656,0.301277771,0.305702078,0.302954554,0.303979084,0.278536947,0.273027358,0.27530657,0.271391552,0.272582577
NER,Niger,0.266103246,0.275041732,0.267236623,0.275604854,0.278683283,0.280227076,0.302800166,0.309157145,0.33306714,0.33973945,0.334747214,0.341220409,0.34183422
NGA,Nigeria,0.414940326,0.417345172,0.418999316,0.422397187,0.202422314,0.210768373,0.230051809,0.229823938,0.232935489,0.238920543,0.251428481,0.254953371,0.250636114
NOR,Norway,0.760431117,0.759649312,0.76102633,0.78526197,0.798853389,0.798771048,0.789695347,0.791202462,0.784101997,0.772758961,0.765278436,0.771847235,0.763629133
OMN,Oman,0.457156662,0.452438856,0.465370497,0.474396661,0.50365052,0.500857071,0.493101288,0.492868052,0.494474029,0.505090039,0.504681892,0.495809695,0.500867947
PAK,Pakistan,0.442190481,0.437716751,0.441743304,0.449453795,0.280592063,0.277947957,0.275601302,0.279448008,0.280547893,0.28259222,0.307567824,0.311542236,0.306755388
PLW,Palau,0.433129082,0.429755442,0.434098431,0.43707601,0.438614791,0.475657265,0.479231575,0.48119061,0.484340453,0.483534012,0.483556448,0.483920722,0.485215568
PAN,Panama,0.380715887,0.386258075,0.376638131,0.383249421,0.407093188,0.407327114,0.396699251,0.390512562,0.393335277,0.382482806,0.376348739,0.381506396,0.378250848
PNG,Papua New Guinea,0.270866886,0.271253799,0.274029082,0.274267024,0.29070713,0.279531999,0.289031488,0.285133703,0.289476634,0.281065204,0.287268705,0.282784467,0.288389722
PRY,Paraguay,0.306901002,0.314482908,0.316585918,0.319227333,0.342788459,0.347579965,0.366384758,0.364370892,0.364144322,0.360410723,0.365229584,0.359083183,0.358806519
PER,Peru,0.363472654,0.376389734,0.377835764,0.384748827,0.396935309,0.399293575,0.404980579,0.398130228,0.40044083,0.404836473,0.400651765,0.390115688,0.388674383
PHL,Philippines,0.290467336,0.302390253,0.317226312,0.328779387,0.346696132,0.340735188,0.328222673,0.330540597,0.324408079,0.327731112,0.33655308,0.334916183,0.340735132
POL,Poland,0.497924707,0.512540104,0.522790768,0.541939499,0.568206701,0.57446714,0.560379055,0.556356731,0.557118455,0.545596738,0.543784956,0.534697969,0.534278265
PRT,Portugal,0.521100083,0.53081386,0.551803014,0.562139115,0.58313501,0.596704553,0.575711002,0.581302207,0.580592902,0.578760975,0.575875287,0.57842214,0.579360927
QAT,Qatar,0.486999673,0.471502885,0.48324684,0.500093308,0.503150923,0.499067916,0.500291162,0.49582426,0.500392163,0.50754341,0.536652155,0.538443282,0.54519878
ROU,Romania,0.436460191,0.422483976,0.396709325,0.405881366,0.423911065,0.437284548,0.431055529,0.43388355,0.44023842,0.424433839,0.437061348,0.439791115,0.440441658
RUS,Russian Federation,0.597480941,0.594296196,0.604857396,0.612331696,0.486472833,0.511373584,0.530613515,0.527543831,0.537779297,0.545128115,0.533024934,0.518735957,0.49978233
RWA,Rwanda,0.341948874,0.350852904,0.351977304,0.356923681,0.387398248,0.385795915,0.401613571,0.407990022,0.412536617,0.41066081,0.42213313,0.426945506,0.427442916
KNA,Saint Kitts and Nevis,0.551354089,0.557299656,0.564085481,0.574695863,0.534055608,0.569396409,0.55964125,0.578888414,0.557500746,0.557848833,0.562145036,0.561129478,0.562247038
LCA,Saint Lucia,0.465527392,0.467116728,0.458165957,0.464911,0.460843229,0.46539979,0.469049932,0.461560042,0.456512374,0.449010748,0.452428045,0.451927312,0.454542886
VCT,Saint Vincent and the Grenadines,0.493298172,0.498283549,0.498125604,0.4847123,0.490004272,0.49127066,0.480210779,0.47390625,0.477031528,0.481549093,0.489560327,0.489855537,0.493590336
WSM,Samoa,0.391792876,0.403658189,0.407274098,0.413922488,0.429809326,0.429567876,0.42713019,0.437076751,0.434812006,0.438782446,0.437449814,0.434370514,0.436425645
SMR,San Marino,0.718834705,0.712731419,0.715196047,0.623105983,0.584522826,0.643326312,0.639790703,0.638921005,0.631331433,0.627287398,0.641540624,0.645534432,0.645606503
STP,Sao Tome and Principe,0.309472512,0.309140624,0.339140459,0.340525867,0.351921095,0.354883453,0.357648816,0.359766481,0.363085517,0.36018206,0.360056579,0.366837939,0.371179572
SAU,Saudi Arabia,0.423830836,0.412866871,0.426720303,0.448664354,0.469873611,0.472431126,0.499175804,0.501285301,0.504399542,0.506019259,0.542994198,0.55135527,0.561959041
SEN,Senegal,0.292510508,0.292687164,0.303916162,0.308639479,0.312778243,0.318735989,0.33177327,0.330261121,0.342096434,0.345060862,0.345753731,0.348590535,0.351225144
SRB,Serbia,0.378218036,0.379755926,0.37937781,0.398976817,0.419813832,0.411551013,0.415406524,0.444985865,0.449283806,0.449940705,0.442804095,0.444623695,0.443952586
SYC,Seychelles,0.414887876,0.415964041,0.413981996,0.424224835,0.428808579,0.452600222,0.43859924,0.448888319,0.450194126,0.456371113,0.460296468,0.470495374,0.479021426
SLE,Sierra Leone,0.242187242,0.252173127,0.259035958,0.267803766,0.277880745,0.282674062,0.295406346,0.306749349,0.305571927,0.304894241,0.301262674,0.301051904,0.298044191
SGP,Singapore,0.754867972,0.769138678,0.777603057,0.790414196,0.81361195,0.810831821,0.789976781,0.795661334,0.799687695,0.80106545,0.803257056,0.808196096,0.811717839
SVK,Slovakia,0.508254103,0.508814777,0.502254,0.507462596,0.513111041,0.501371865,0.503256712,0.500957763,0.507982652,0.50799973,0.512290255,0.507177952,0.504515428
SVN,Slovenia,0.620277812,0.62776577,0.62897831,0.627309263,0.635043318,0.625678751,0.620221563,0.610820584,0.605172215,0.604944065,0.595832664,0.595263214,0.593531147
SLB,Solomon Islands,0.353434566,0.359345998,0.356768657,0.373650951,0.384337585,0.407687838,0.40288148,0.412506978,0.407951751,0.40910198,0.411703201,0.396150949,0.397084751
SOM,Somalia,0.411622701,0.413752536,0.425058123,0.433278471,0.453563175,0.457622007,0.356363884,0.358283155,0.356812172,0.351164405,0.353593083,0.351078652,0.354690675
ZAF,South Africa,0.351805889,0.350999089,0.351547585,0.364815474,0.371892052,0.363480942,0.382394538,0.365155646,0.359331682,0.359505813,0.356381485,0.361958841,0.354636077
ESP,Spain,0.523474108,0.530062887,0.532543118,0.530960533,0.537234177,0.541224985,0.541044167,0.545276132,0.540158122,0.538109464,0.532518049,0.535731893,0.531132995
LKA,Sri Lanka,0.329117541,0.33209089,0.337438018,0.352331574,0.369037673,0.38585971,0.38686217,0.384847401,0.388425219,0.399582429,0.395846658,0.390426014,0.378896226
SDN,Sudan,0.238987083,0.240190538,0.236530138,0.243833259,0.24583205,0.243661436,0.25846476,0.261379505,0.265930001,0.264096906,0.262886366,0.260319815,0.255431969
SUR,Suriname,0.30557098,0.309365158,0.309876508,0.314820083,0.316641979,0.322911491,0.322026024,0.333498291,0.329515446,0.324207428,0.324360929,0.329032412,0.328577523
SWZ,Swaziland,0.305888457,0.302341526,0.304319082,0.312971874,0.318973511,0.318426752,0.323062175,0.333582595,0.323194953,0.31838693,0.323918561,0.30945239,0.308930879
SWE,Sweden,0.743049575,0.750087294,0.748270608,0.748857405,0.755469377,0.75809768,0.743329524,0.739119937,0.730709982,0.727300778,0.721958465,0.725845515,0.721166313
CHE,Switzerland,0.714581338,0.710675637,0.711845906,0.719461618,0.731185448,0.728603213,0.714064947,0.704525372,0.70027691,0.699689953,0.69495988,0.692441805,0.693797375
SYR,Syrian Arab Republic,0.313994579,0.290228724,0.266370446,0.264711502,0.25692075,0.250309402,0.25197373,0.235043033,0.231600983,0.227861669,0.22518397,0.229222245,0.224958643
TJK,Tajikistan,0.249458727,0.259253153,0.253461911,0.255759466,0.273504589,0.279502451,0.312864854,0.312490317,0.32237476,0.324633696,0.326209984,0.322799526,0.319493435
TZA,"Tanzania, United Republic of",0.287960307,0.291460255,0.293480113,0.293407474,0.295331638,0.29571918,0.30635693,0.300826938,0.296173403,0.298562353,0.298549158,0.302281761,0.308469237
THA,Thailand,0.418245689,0.420255631,0.427305038,0.438052782,0.453771327,0.451517216,0.443860955,0.44775373,0.459140327,0.470355054,0.481929822,0.485113459,0.489771244
TLS,Timor-Leste,0.362429729,0.3719405,0.373725987,0.375979261,0.390277414,0.404759166,0.399307117,0.386432295,0.381787328,0.383995762,0.372352516,0.374569948,0.374568779
TGO,Togo,0.258358345,0.256524054,0.255826462,0.260664922,0.279497115,0.290732762,0.310840058,0.305137811,0.308648836,0.322783311,0.348215971,0.355207825,0.357799573
TON,Tonga,0.39354203,0.398675388,0.39950116,0.405424781,0.414319796,0.409354002,0.412194251,0.417201555,0.423442891,0.423880626,0.4244684,0.426896427,0.429733086
TTO,Trinidad and Tobago,0.338225694,0.344159351,0.340469492,0.346651543,0.3555336,0.35957055,0.347591094,0.348427409,0.341288865,0.336665016,0.337003638,0.338112221,0.338357674
TUN,Tunisia,0.427499214,0.429938701,0.422110677,0.421077169,0.435584228,0.429643299,0.418067371,0.420404199,0.419567088,0.428184179,0.440044391,0.434272646,0.436877835
TUR,Turkey,0.416830709,0.420392775,0.427496147,0.442350538,0.460065122,0.459296063,0.440464951,0.456321934,0.458920921,0.474572631,0.484594103,0.488573108,0.486580996
TKM,Turkmenistan,0.233270514,0.232753116,0.241167931,0.238985075,0.240460176,0.235618736,0.228426485,0.235834807,0.239564027,0.237713571,0.237294289,0.235621093,0.241139468
TUV,Tuvalu,0.540104448,0.533345433,0.504313743,0.499117359,0.541171942,0.55036428,0.5639704,0.5510798,0.571820623,0.582407893,0.598654605,0.615697279,0.623311853
UGA,Uganda,0.265255301,0.271414331,0.260054011,0.257659964,0.263098695,0.265561697,0.292532747,0.297593304,0.292665406,0.285220872,0.281938156,0.281261582,0.282670934
UKR,Ukraine,0.319612214,0.322587063,0.322708753,0.33505253,0.358880827,0.365502075,0.402285843,0.408205463,0.415832549,0.426933493,0.424400814,0.422511592,0.405508678
ARE,United Arab Emirates,0.508498466,0.522384196,0.530957996,0.556786476,0.581078836,0.579831939,0.564702844,0.572067738,0.573366071,0.576143569,0.582471745,0.584335271,0.587811467
GBR,United Kingdom,0.68200069,0.678949443,0.682155207,0.689427181,0.715225088,0.720639238,0.705042057,0.699300014,0.690939253,0.69392156,0.685407304,0.685725387,0.690574107
USA,United States,0.747948371,0.749763907,0.754232484,0.754026965,0.688715195,0.687096849,0.674793215,0.674286607,0.670708168,0.656535118,0.650558955,0.653645511,0.651190504
URY,Uruguay,0.441829367,0.442758547,0.461878383,0.478644913,0.497703282,0.492702884,0.487889214,0.488279852,0.492894803,0.493842124,0.499582243,0.512034555,0.514598405
UZB,Uzbekistan,0.238411433,0.2369805,0.246560059,0.261018435,0.286910069,0.292631924,0.330204628,0.338908565,0.374563432,0.382350166,0.38373561,0.407754609,0.418525789
VUT,Vanuatu,0.362247838,0.360804758,0.358706614,0.361252546,0.370596678,0.353196904,0.363184928,0.376499874,0.371650161,0.371795366,0.370108292,0.385290793,0.384451347
VEN,"Venezuela, Bolivarian Republic o",0.221033081,0.223971151,0.222358544,0.219783719,0.209422461,0.203657202,0.213978886,0.205471849,0.192609012,0.193247775,0.18637161,0.187638912,0.194386988
VNM,Viet Nam,0.348162219,0.355492696,0.355934075,0.365131727,0.374420473,0.379052384,0.399484503,0.401415273,0.406137445,0.414132334,0.424706917,0.427033689,0.431797003
YEM,Yemen,0.298611828,0.288741805,0.298849713,0.280498296,0.277346536,0.266509105,0.256576763,0.251606391,0.245377746,0.244755159,0.244164809,0.241888361,0.244421417
ZMB,Zambia,0.304094797,0.31142755,0.317720798,0.318086756,0.329924963,0.318153182,0.333220048,0.331873309,0.33247092,0.324370715,0.317471044,0.322763901,0.330052802
ZWE,Zimbabwe,0.161902404,0.161549888,0.171755826,0.176106859,0.182534433,0.192886985,0.207815536,0.209539827,0.213960073,0.21130938,0.213570613,0.21880803,0.219822154
