Country Name,Country Code,2010,2011,2012,2013,2014,2015,2016,2017,2018,2019,2020,2021,2022,2023
Afghanistan,AFG,-2.579151869,-2.502059698,-2.418561459,-2.519349098,-2.411068439,-2.56262517,-2.662156105,-2.794975519,-2.753441334,-2.65253973,-2.702721119,-2.518676043,-2.544955969,-2.484080553
Albania,ALB,-0.191482902,-0.282379419,-0.143631592,0.091929786,0.485986233,0.341639042,0.337447882,0.373770744,0.366779268,0.110105053,0.088612519,0.196371928,0.106261313,0.183348969
Algeria,DZA,-1.259367585,-1.360560656,-1.325043321,-1.202371478,-1.190535188,-1.090786576,-1.099741936,-0.919614315,-0.842107713,-1.055853844,-0.847820401,-0.992457151,-0.650652349,-0.57788527
American Samoa,ASM,0.919146717,0.93399018,0.95299083,0.928985775,1.08068347,1.151678085,1.158555984,1.184323668,1.166297317,1.144933939,1.09020865,1.066840887,1.123173952,1.114221215
Andorra,AND,1.278272152,1.302488327,1.290351152,1.28392601,1.286593318,1.365985394,1.382750273,1.392889738,1.391248584,1.57736671,1.58867538,1.58125937,1.585988402,1.583465934
Angola,AGO,-0.226182342,-0.36923781,-0.389322549,-0.391233474,-0.333232045,-0.505385816,-0.321580082,-0.387895495,-0.347208589,-0.368411601,-0.599917889,-0.71048075,-0.630108535,-0.341505051
Anguilla,AIA,1.373761654,1.550927639,1.476920247,1.533979535,1.164254904,1.220001817,1.284042716,1.358390927,1.255063415,1.317046165,1.503842711,1.528787374,1.123173952,1.114221215
Antigua and Barbuda,ATG,0.904999375,0.957588255,0.975788057,0.958863378,0.984550714,0.987564266,0.859249651,0.732060909,0.823102117,0.938079655,0.929578841,0.949669898,0.938082099,0.92339325
Argentina,ARG,-0.084797867,0.158993661,0.103040546,0.065314263,-0.005121871,0.008764135,0.197749898,0.162542164,0.006909812,-0.097823091,-0.071997404,0.000530059,-0.09859433,-0.127517909
Armenia,ARM,0.071855329,-0.063868985,0.154794976,0.110385142,-0.2971358,-0.256798655,-0.667951107,-0.626211166,-0.451066911,-0.420024991,-0.77164489,-0.804041028,-0.740756273,-0.829278231
Aruba,ABW,1.100847363,1.285737753,1.263881564,1.312226295,1.164567828,1.21023953,1.260758519,1.313845992,1.337509871,1.335807323,1.37159121,1.431726694,1.483079791,1.432524562
Australia,AUS,0.888859868,0.935710073,0.997997224,1.031072974,1.032191992,0.873180687,1.033424497,0.876064062,0.971185446,0.917978942,0.862161875,0.835079134,0.983715951,0.917057216
Austria,AUT,1.152648211,1.193521619,1.340566874,1.364100575,1.270700455,1.129330516,0.892175972,1.02962482,0.884860396,0.892189026,0.887600899,0.899554431,0.648710012,0.727989197
Azerbaijan,AZE,-0.238546923,-0.532135963,-0.715751827,-0.412859917,-0.559909523,-0.73391664,-0.80890882,-0.751901031,-0.711399376,-0.693411469,-0.852253795,-0.83782357,-0.922807276,-0.730753899
"Bahamas, The",BHS,0.993692219,1.103621483,1.184026003,1.134824634,0.956470132,0.894982457,0.959943354,0.976762533,0.847745538,0.801568568,0.830306888,0.85096854,0.881239235,1.008562326
Bahrain,BHR,-0.493476391,-0.950841904,-1.129954934,-1.335417747,-0.907474875,-1.068262696,-0.792700231,-0.958746254,-0.846294165,-0.626829982,-0.61010462,-0.5247612,-0.362905443,-0.373967588
Bangladesh,BGD,-1.425789475,-1.404736876,-1.379088998,-1.627858877,-0.895563185,-1.209773779,-1.259732962,-1.253627181,-0.98556906,-0.928628743,-0.915816903,-1.036882758,-1.046462059,-0.908656716
Barbados,BRB,1.06063664,1.246130109,1.185965657,1.26692915,1.277919888,1.116827726,0.960008144,0.952525318,0.900694907,1.032931089,1.120659947,1.118570447,1.144645452,1.187128544
Belarus,BLR,-0.094990097,-0.087769009,0.06861522,0.005959166,0.179782152,0.110905699,0.135706261,-0.057208706,0.353592694,0.344978094,-0.887615979,-0.754245579,-0.802096605,-0.729365647
Belgium,BEL,0.810646176,0.954535425,0.92359972,0.940082729,0.701269448,0.577092111,0.42960611,0.417607278,0.393769443,0.458395332,0.521078527,0.662682593,0.581981599,0.403853089
Belize,BLZ,0.070427686,0.15190886,0.180257618,0.176189259,0.048583075,0.037259512,0.052189551,0.030404126,-0.00212322,0.061986484,0.518667579,0.272466063,0.56400609,0.585325778
Benin,BEN,0.261260122,0.318356365,0.364367604,0.301189363,0.027139762,-0.020496422,-0.008783503,0.026252493,-0.146990418,-0.420240253,-0.443071663,-0.396318674,-0.34320268,-0.346559435
Bermuda,BMU,0.911838114,0.964122117,0.980253696,0.970303059,0.913897812,0.961817384,0.975613654,0.98149091,1.133248329,1.051519036,1.003442287,1.00254035,1.024043798,1.020406246
Bhutan,BTN,0.742221653,0.826495349,0.77630949,0.784624875,1.068038583,0.960772634,1.106088281,1.102794647,1.077661037,1.065471411,1.013489127,0.797255099,1.009342551,0.982800424
Bolivia,BOL,-0.415407211,-0.417126507,-0.458068103,-0.328593433,-0.333112091,-0.270498693,-0.253675967,-0.280110896,-0.286620706,-0.728340268,-0.45346719,-0.278774261,-0.191908553,-0.313183635
Bosnia and Herzegovina,BIH,-0.693730175,-0.819794893,-0.538148701,-0.404944122,-0.019179042,-0.404167622,-0.402664006,-0.351469874,-0.400853604,-0.424811691,-0.447477132,-0.421740085,-0.483193696,-0.353373319
Botswana,BWA,0.991209805,1.064446568,1.104041457,1.102347016,1.011847138,1.031368256,0.979198039,1.009295821,0.958469868,1.095329881,1.013168097,1.041407108,1.073983788,1.038439989
Brazil,BRA,0.013475911,-0.132575423,0.045961641,-0.258553296,-0.070290133,-0.331864446,-0.38103506,-0.479947567,-0.459598511,-0.714224637,-0.44689092,-0.419879764,-0.395036936,-0.408567786
Brunei Darussalam,BRN,1.277547002,1.085193753,0.909327209,1.074022293,1.261507034,1.233712554,1.142017841,1.153426766,1.23603785,1.111087203,1.188084006,1.171809912,1.242488623,1.366000652
Bulgaria,BGR,0.36009106,0.301750302,0.379833996,0.170710385,0.078540899,0.010424642,0.068279371,0.321379662,0.444411188,0.561284423,0.401631027,0.364739358,0.31342864,0.341861486
Burkina Faso,BFA,-0.117637143,-0.555381477,-0.573129237,-0.763390124,-0.787128568,-0.609127343,-0.868710697,-0.92788583,-1.060264468,-1.302193999,-1.537978411,-1.642943263,-1.815369368,-2.03523159
Burundi,BDI,-1.625959396,-1.807200432,-1.70473814,-1.350277543,-0.784407139,-1.937446117,-1.964375138,-2.002575159,-1.570278168,-1.625056267,-1.54235208,-1.258399367,-1.192446232,-1.172402978
Cabo Verde,CPV,0.840972781,0.722605228,0.809086382,0.777999878,0.350779146,0.855819821,0.87119019,0.762865543,0.833261907,0.859627426,0.874232292,0.89436847,0.927069366,0.903245568
Cambodia,KHM,-0.50098443,-0.304419667,-0.103577204,-0.136436149,0.023174802,0.063348144,0.20619081,0.093509652,0.110921673,-0.075488649,-0.209065959,-0.131522253,-0.098023042,0.044493821
Cameroon,CMR,-0.736971438,-0.66168797,-0.588517427,-0.532237291,-1.059252381,-0.989914,-1.061213017,-1.091505051,-1.401801467,-1.561823249,-1.513679743,-1.394088745,-1.379629254,-1.400436401
Canada,CAN,0.936318219,1.077175736,1.113016248,1.061421752,1.17550385,1.26233685,1.240411639,1.089681149,0.963971078,0.994933546,1.013182282,0.962336957,0.780681551,0.822420537
Cayman Islands,CYM,1.149637938,1.336360812,0.959384382,1.017615318,1.04634726,1.1286937,1.1407758,1.162611365,1.110834956,1.401525497,1.456470966,1.624775887,1.660741806,1.625601411
Central African Republic,CAF,-2.020625353,-1.789389133,-1.852922916,-2.154896736,-2.699193239,-1.89358747,-1.779548764,-1.993533373,-2.172207594,-2.135875463,-2.23627758,-2.126852989,-2.205052376,-2.203107119
Chad,TCD,-1.524827719,-1.318085194,-1.044117332,-1.089472294,-1.568882704,-0.973281741,-1.301894188,-1.286392689,-1.478015542,-1.350451112,-1.255220294,-1.389865518,-1.470404863,-1.559462905
Chile,CHL,0.67960453,0.452553362,0.331102103,0.36374253,0.447516918,0.424871743,0.402406216,0.40628159,0.412769765,-0.016121579,0.044044506,0.161427185,0.132084325,0.136159942
China,CHN,-0.657060683,-0.602054834,-0.53878206,-0.543789923,-0.522584021,-0.552559674,-0.502221346,-0.232558101,-0.298572481,-0.259780675,-0.474127859,-0.516462862,-0.45127672,-0.513097048
Colombia,COL,-1.537184834,-1.284655571,-1.401810408,-1.291971803,-1.114594102,-1.072663784,-0.887163997,-0.779457808,-0.806941986,-0.979486108,-0.70115006,-0.954574347,-0.629958332,-0.71731323
Comoros,COM,-0.562939286,-0.552736104,-0.452308029,-0.256929189,-0.186910167,-0.24447161,0.022001922,0.022408005,-0.361612618,-0.176797673,-0.287384897,-0.227990642,-0.226411358,-0.226316765
"Congo, Dem. Rep.",COD,-2.196742058,-2.21298933,-2.085892916,-2.192190647,-2.167921305,-2.138853312,-2.224589348,-2.339440346,-2.080515623,-1.626423597,-1.786685586,-1.660624623,-1.984489679,-2.044862032
"Congo, Rep.",COG,-0.316415846,-0.35430038,-0.489689857,-0.475050122,-0.359291583,-0.5291273,-0.523459077,-0.533614814,-0.348338872,-0.299274206,-0.213043123,-0.229436472,0.038993821,0.019162007
Cook Islands,COK,1.322361231,..,..,..,..,..,..,..,0.931310594,1.124365926,1.153894305,1.145263195,1.16476059,1.196982622
Costa Rica,CRI,0.691537201,0.508276045,0.638402462,0.677918017,0.577418208,0.669974029,0.648553014,0.597007215,0.453386009,0.430319965,0.746818066,0.860422552,0.956596434,0.984186828
Cote d'Ivoire,CIV,-1.583894253,-1.405807614,-1.263461113,-1.048724174,-1.037160635,-0.835078061,-0.909238815,-1.091116309,-0.897999644,-1.036496758,-1.033219695,-0.71501565,-0.587266505,-0.631788194
Croatia,HRV,0.608463645,0.62374711,0.606891453,0.64266789,0.619112372,0.586513638,0.654191136,0.681905687,0.793678284,0.685510695,0.607283235,0.621595681,0.672563255,0.59771204
Cuba,CUB,0.349292427,0.280382127,0.307248294,0.37056464,0.544822037,0.634750009,0.673131645,0.638511062,0.640602827,0.610500574,0.596146762,0.39279601,0.491417795,0.384215951
Cyprus,CYP,0.452444822,0.607984483,0.635126054,0.563347161,0.551882088,0.542449117,0.593786836,0.53097415,0.484542251,0.544598222,0.288777649,0.422150671,0.423811227,0.409627169
Czechia,CZE,0.989233732,1.109117627,1.054106116,1.084778547,0.989990473,0.970251083,0.963384211,0.990650773,1.026412845,0.94199568,0.912328005,0.947537839,0.814114571,0.967361629
Denmark,DNK,1.040961027,1.10029304,0.914910674,0.959233463,0.951779723,0.887059271,0.852912426,0.854937553,0.931982338,0.967598736,0.920233727,0.928662658,0.868917704,0.85084796
Djibouti,DJI,0.253481269,0.177703246,0.160619214,-0.102187522,-0.77023226,-0.44767192,-0.628553987,-0.733945072,-0.133426666,-0.343388051,-0.448202372,-0.566324711,-0.507386088,-0.516700983
Dominica,DMA,0.903117776,1.139158607,0.980585456,1.119856238,1.05717814,1.054432034,0.9776631,1.172776699,1.069058418,1.029941559,1.317089558,1.334130645,1.308010459,1.285264254
Dominican Republic,DOM,-0.044954035,-0.00048185,0.252366811,0.207428694,0.145934492,0.227570921,0.241259411,0.152073905,0.012300388,-0.00311227,0.164981201,0.28738603,0.249287635,0.239014015
Ecuador,ECU,-0.586674452,-0.686557531,-0.57030648,-0.178656712,-0.018533209,-0.147344977,-0.091710433,-0.078932077,-0.094721168,-0.238217756,-0.270243227,-0.25738737,-0.371224314,-0.338139981
"Egypt, Arab Rep.",EGY,-0.898418307,-1.437057018,-1.436329722,-1.6388309,-1.631176591,-1.49933219,-1.43972683,-1.429645896,-1.188121557,-1.124630809,-1.181932807,-1.032864332,-0.978700578,-0.866764307
El Salvador,SLV,0.058842227,0.111001194,0.234583974,-0.033658903,-0.024590004,-0.020496048,-0.104568757,-0.263820261,-0.38915965,-0.120228313,-0.114992231,-0.091492087,-0.352474838,0.0023324
Equatorial Guinea,GNQ,0.236128226,0.150343806,0.232703447,0.120355181,-0.374146551,-0.207799196,-0.14674297,-0.172019884,-0.090152286,-0.147898287,-0.221560776,-0.202735513,-0.236288592,-0.235371336
Eritrea,ERI,-0.875592828,-0.76640439,-0.702197254,-0.772372127,-0.805872619,-0.878453434,-0.662282407,-0.733444452,-0.609360635,-0.705968797,-0.992741048,-1.055682182,-0.957195044,-0.792767763
Estonia,EST,0.661366999,0.611041307,0.636465192,0.748215437,0.780257881,0.613857269,0.662796259,0.64237076,0.580415547,0.630197763,0.709816992,0.748589516,0.727880895,0.660533905
Eswatini,SWZ,-0.076072693,-0.479735821,-0.407692343,-0.431911141,-0.500559747,-0.480209202,-0.494323075,-0.270877391,-0.377749622,-0.274377912,-0.040546946,-0.346009791,-0.210463792,-0.357591271
Ethiopia,ETH,-1.635101199,-1.50696373,-1.564271331,-1.407307386,-1.339387417,-1.496942043,-1.617245197,-1.677230597,-1.274609208,-1.303762794,-1.753702998,-2.183831215,-2.070606232,-1.969567776
Fiji,FJI,-0.190827519,-0.071288198,-0.067774832,-0.051027689,0.553164601,0.569660664,0.897029459,0.585380256,0.832882524,0.779334903,0.662797213,0.725106895,0.748508632,0.74434346
Finland,FIN,1.423606873,1.393471003,1.400765181,1.385172486,1.282197237,1.027998209,0.982591867,1.063808203,0.891889691,0.835258842,0.981825113,0.963275969,0.894830108,0.713986695
France,FRA,0.681087554,0.602992833,0.554941535,0.448744118,0.300568491,0.097759806,-0.106349595,0.265701532,0.013894104,0.271341234,0.280992836,0.325612366,0.393339217,0.343697965
French Guiana,GUF,0.191745475,0.193025932,0.215082258,0.218277127,0.527634025,0.559771299,0.538475215,0.492240548,0.514353395,0.243910655,0.316793531,0.327761114,0.319849402,0.229917467
Gabon,GAB,0.299279243,0.384890914,0.29329142,0.330102742,0.149542809,0.015247292,-0.110105984,-0.1058909,-0.257340848,-0.075098619,-0.065772817,-0.075717323,0.060369402,-0.335527301
"Gambia, The",GMB,0.065416984,-0.000270605,-0.000778838,-0.048636407,-0.151400715,0.016247632,-0.442044199,-0.094830938,-0.087496497,0.214491606,0.248035476,0.035330798,0.043973282,-0.012019929
Georgia,GEO,-0.718320906,-0.656951964,-0.680453956,-0.441366166,-0.321507543,-0.472153753,-0.320115089,-0.375214756,-0.447562873,-0.498171955,-0.42961064,-0.429620236,-0.436530054,-0.335554123
Germany,DEU,0.796834469,0.842218459,0.775621295,0.92798388,0.925186455,0.687514961,0.667541146,0.574381292,0.577865243,0.548539877,0.645049155,0.725788176,0.628491879,0.586989284
Ghana,GHA,0.026093241,0.167112142,0.130694985,0.060606085,-0.106807962,-0.038228907,-0.138907716,0.082036987,-0.036643028,0.118526869,0.169901907,0.065852456,-0.195024788,-0.021620704
Greece,GRC,-0.127206877,-0.098695189,-0.217248693,-0.171341717,-0.140445963,-0.235559732,-0.129703641,-0.081244044,0.153979063,0.162428334,0.115181528,0.101383269,0.106463775,0.239744067
Greenland,GRL,1.645201087,1.940006495,1.934407234,1.931952834,1.924541116,1.947082162,1.964210629,1.927583694,1.936803579,1.887362957,1.910594583,1.877586722,1.569802999,1.495369792
Grenada,GRD,0.518380046,0.360115409,0.492649019,0.426174343,0.774568856,0.779747725,0.998592257,0.992375195,0.968813717,0.938079655,1.032623649,1.040310979,1.033623219,1.018019199
Guam,GUM,0.395871073,0.791545987,0.780917645,0.798485518,0.750133276,0.786707044,0.652095139,0.678460479,0.697404981,0.886530876,0.889360964,0.878542066,0.816113114,0.893404663
Guatemala,GTM,-0.852924466,-0.7441414,-0.633820176,-0.674156249,-0.655563533,-0.6544379,-0.545003712,-0.651365459,-0.538147449,-0.577340841,-0.415829301,-0.395517915,-0.262850881,-0.244364932
Guinea,GIN,-1.687079072,-1.388054013,-1.287012458,-1.229851723,-0.955242753,-0.386475414,-0.396070927,-0.699074149,-0.880597353,-0.842606127,-0.669285238,-0.939909875,-0.838682115,-0.877875149
Guinea-Bissau,GNB,-0.690954328,-0.753625989,-0.965295851,-0.899927616,-0.706451654,-0.516579092,-0.445275575,-0.497683346,-0.684820473,-0.561567485,-0.721676469,-0.279985905,-0.385944873,-0.32766524
Guyana,GUY,-0.458965749,-0.434282511,-0.49961406,-0.456606746,-0.136097595,-0.139641345,-0.034218926,-0.049440186,-0.191837907,-0.254073828,-0.13755472,-0.137113199,0.020733567,-0.055172037
Haiti,HTI,-0.940315425,-0.990167558,-0.788092673,-0.63101536,-0.643627286,-0.671565056,-0.745547473,-0.676077306,-0.640141666,-0.887637317,-1.027492881,-1.128130555,-1.419198632,-1.434521794
Honduras,HND,-0.496909589,-0.390435368,-0.350115597,-0.438611597,-0.534083962,-0.472757906,-0.437456161,-0.565637112,-0.531820953,-0.569057047,-0.448507726,-0.627813995,-0.568361819,-0.459217161
"Hong Kong SAR, China",HKG,0.935810566,0.94859612,1.006289482,0.922868311,1.153228521,1.035205364,0.736158371,0.818203509,0.776628256,-0.227037355,0.056606669,0.263934076,0.574927211,0.673060536
Hungary,HUN,0.685783744,0.743254066,0.67579478,0.796646118,0.669904828,0.737792492,0.64338094,0.796200514,0.737591445,0.761921287,0.837046862,0.798591256,0.678676307,0.731891811
Iceland,ISL,1.022253633,1.244009733,1.245032072,1.287133694,1.246974587,1.298480988,1.346588731,1.337686777,1.394817352,1.61980617,1.37503159,1.372353315,1.249699235,1.214403749
India,IND,-1.2779845,-1.32679534,-1.289309859,-1.229174137,-0.99791199,-0.954773545,-0.960426509,-0.774099112,-0.997706771,-0.796846986,-0.84141922,-0.691076756,-0.615027368,-0.63507694
Indonesia,IDN,-0.853916168,-0.770114183,-0.593262792,-0.519264638,-0.416824043,-0.619956315,-0.379699737,-0.504938722,-0.55203402,-0.502143025,-0.462311387,-0.531449199,-0.553894222,-0.404375315
"Iran, Islamic Rep.",IRN,-1.630591869,-1.421767712,-1.323926091,-1.249686599,-0.874987662,-0.924846888,-0.814020634,-0.93382889,-1.342180729,-1.711534023,-1.699206352,-1.584453225,-1.625612378,-1.694100976
Iraq,IRQ,-2.239267111,-1.846983552,-1.934050202,-2.011390448,-2.480337858,-2.250779629,-2.303333044,-2.295949697,-2.521113873,-2.609277725,-2.474769592,-2.384694099,-2.409309149,-2.413098097
Ireland,IRL,1.020165324,0.948998928,0.941072702,0.901075721,1.052991152,0.895332575,0.833849669,0.99341011,1.011369586,0.959416449,0.965521574,0.84366262,0.884667397,0.901911557
Israel,ISR,-1.341151714,-1.201318026,-1.07890439,-1.101284742,-1.039735317,-1.097817302,-0.799367249,-0.894905746,-0.918100238,-0.81556803,-0.887818515,-1.122313142,-1.228965402,-1.464848399
Italy,ITA,0.473923683,0.501207411,0.508217514,0.495499194,0.458165407,0.3632572,0.355933428,0.292910486,0.326271683,0.381114274,0.399345398,0.550520957,0.466298223,0.583320737
Jamaica,JAM,-0.429541469,-0.062983334,0.120508112,0.182374373,0.024492532,0.085965723,0.29546842,0.298303366,0.423993796,0.388309866,0.258682191,0.217994332,0.364242792,0.384837329
Japan,JPN,0.879353166,0.995091975,0.948442876,1.019141912,0.968597353,1.054220557,0.968189001,1.100128055,1.037562728,1.019812346,1.02614522,1.015501738,1.032637239,0.951136231
"Jersey, Channel Islands",JEY,..,1.480601311,1.476132035,1.485056996,1.464952469,1.533043027,1.319146872,1.277441502,1.270355701,1.280209422,1.328798771,1.28459084,1.621341825,1.744713068
Jordan,JOR,-0.31249252,-0.513562262,-0.523977637,-0.606315255,-0.540025532,-0.60686487,-0.496246248,-0.434586674,-0.37985456,-0.276885152,-0.268401831,-0.312566459,-0.234430954,-0.202734202
Kazakhstan,KAZ,0.522971809,-0.338570565,-0.408455014,-0.402473897,0.036018156,-0.038353074,0.001462973,0.02434968,-0.052402258,-0.16803734,-0.257566839,-0.232230723,-0.468353838,-0.273346007
Kenya,KEN,-1.165523529,-1.244790792,-1.323441267,-1.166930914,-1.282247186,-1.241347909,-1.354456544,-1.12843883,-1.179712296,-1.105763435,-1.007240057,-1.032437444,-0.947280884,-0.937771916
Kiribati,KIR,1.422731638,1.302488327,1.290351152,1.28392601,0.801865816,0.821486235,0.846926332,0.855436325,0.998790443,1.121433616,1.157592416,1.137224555,1.103848338,1.099889398
"Korea, Dem. People's Rep.",PRK,-0.296562105,-0.251826197,-0.012876378,-0.441554099,-1.134743333,-1.151740313,-0.684034169,-0.500023425,-0.340687156,-0.286878854,-0.378678769,-0.477270007,-0.430811018,-0.366169572
"Korea, Rep.",KOR,0.325895816,0.412495643,0.267103314,0.278578639,0.108568802,0.156361043,0.153576508,0.381830722,0.638123751,0.547197938,0.608337879,0.629045725,0.579976737,0.609834731
Kosovo,XKX,-1.044821143,-1.04214704,-1.038502336,-0.966146648,-0.340774536,-0.200406447,-0.285933346,-0.244493052,-0.67537117,-0.348615944,-0.27922073,-0.113572866,-0.198845237,-0.322511613
Kuwait,KWT,0.451988816,0.311102718,0.203606218,0.16605559,0.149006546,-0.219549298,-0.056500711,-0.051229097,0.090642102,0.175173387,0.225232258,0.263065904,0.291892022,0.408179194
Kyrgyz Republic,KGZ,-1.039652348,-1.098030686,-0.911251366,-0.911773801,-0.804615676,-0.882429659,-0.65201968,-0.362505913,-0.529712081,-0.265568078,-0.455792576,-0.466467232,-0.471610427,-0.481219769
Lao PDR,LAO,-0.282062978,-0.058007225,0.03373903,0.0674439,0.498692989,0.538871527,0.524906516,0.394012779,0.407969743,0.530352235,0.693948686,0.712538421,0.789451361,0.814461768
Latvia,LVA,0.527854025,0.320002139,0.453626722,0.593635261,0.487268358,0.43631041,0.467219561,0.45295468,0.395444006,0.426870435,0.462181747,0.673440218,0.486409128,0.591089129
Lebanon,LBN,-1.62501502,-1.558287501,-1.664812326,-1.690353394,-1.697941303,-1.698364496,-1.615684032,-1.622227669,-1.621600509,-1.672357082,-1.621175408,-1.482004881,-1.422575474,-1.519039154
Lesotho,LSO,0.456775397,0.383940756,0.274199098,0.338074297,-0.332812041,-0.318707615,-0.244855866,-0.194124818,-0.188606411,-0.427980334,-0.253512949,-0.213224933,-0.292736918,-0.305760801
Liberia,LBR,-0.46852529,-0.42737025,-0.484476507,-0.475507081,-0.615449607,-0.817833304,-0.441768199,-0.319722712,-0.204105362,-0.341008902,-0.309115261,-0.28600347,-0.26727125,-0.11620944
Libya,LBY,0.028088447,-1.287379265,-1.58695972,-1.844076514,-2.353407145,-2.189651251,-2.274737835,-2.353576183,-2.435115814,-2.56589818,-2.462357283,-2.308474064,-2.193701744,-2.16801548
Liechtenstein,LIE,1.54408741,1.490579605,1.389199615,1.397171617,1.458861828,1.437775135,1.453269958,1.459084868,1.453831673,1.597649813,1.669218183,1.595684648,1.642753005,1.61275816
Lithuania,LTU,0.715260625,0.671200335,0.786209881,0.964532316,0.742136419,0.749750257,0.814721227,0.765565991,0.729236841,0.770623565,0.92147696,0.809846818,0.653032541,0.742111504
Luxembourg,LUX,1.461218596,1.317426801,1.331918836,1.335248113,1.378323793,1.426368237,1.403617144,1.312893629,1.347490549,1.333313584,1.212482333,1.194079518,1.064390063,1.054001689
"Macao SAR, China",MAC,0.573578119,0.607760489,0.628785551,0.757722914,1.206168532,1.187453151,1.390567183,1.407130122,1.229801655,1.215421557,1.137552023,1.029021025,1.122702718,1.071053386
Madagascar,MDG,-0.978338838,-0.705585897,-0.536136985,-0.65999341,-0.557235837,-0.427762926,-0.294186473,-0.302837282,-0.578798413,-0.313957304,-0.509334743,-0.542262673,-0.480796605,-0.690745652
Malawi,MWI,0.043895766,-0.072912723,-0.002686169,-0.205809802,0.081093207,0.034293275,-0.116127513,-0.249828175,-0.431215286,-0.286819607,-0.118886553,-0.10926304,-0.157983273,-0.235615641
Malaysia,MYS,0.143352136,0.077409767,-0.005212402,0.051791593,0.266619146,0.253947318,0.129485935,0.111209631,0.248113677,0.146480128,0.125864699,0.059556548,0.163117811,0.168514699
Maldives,MDV,-0.166243851,-0.242630184,-0.365171462,0.125037372,0.679096162,0.411403716,0.408033192,0.224531978,0.08307872,0.027658289,0.363029808,0.5347597,0.645002782,0.530120909
Mali,MLI,-0.182899222,-0.708379745,-2.034328699,-1.722162127,-1.713988781,-1.682771206,-1.612848759,-1.903491735,-2.08457303,-2.214308739,-2.146352053,-2.33293581,-2.56074357,-2.729136229
Malta,MLT,1.253456235,1.06393671,1.065075159,1.042757869,1.125496984,1.05367744,1.066459775,1.238308907,1.271649122,1.013645053,0.998477995,0.887514472,0.911014318,0.858121693
Marshall Islands,MHL,1.153065562,1.061803818,1.026400208,1.054114819,0.989585757,1.002985954,0.834963679,1.034587502,0.998790443,1.172306776,0.982413173,0.934174538,1.01592052,1.184979081
Martinique,MTQ,0.395871073,0.618969917,0.581581712,0.626667917,0.913897812,0.961817384,0.975613654,0.98149091,0.956182778,0.752266109,0.604250848,0.6303339,0.641087055,0.512399971
Mauritania,MRT,-1.076169848,-1.173678875,-1.133991718,-1.014761448,-0.589508355,-0.635684848,-0.748691559,-0.629497766,-0.63238281,-0.562921166,-0.700949967,-0.555513859,-0.516949356,-0.503423989
Mauritius,MUS,0.640258789,0.946499407,0.971312404,0.944801748,0.667965949,0.988632321,0.999218166,0.962365568,0.859585345,0.802008212,0.873045504,0.832595587,0.830023587,0.775418818
Mexico,MEX,-0.726463437,-0.667768598,-0.662454188,-0.714223802,-0.853918791,-0.801780105,-0.633718133,-0.80641979,-0.67384702,-0.841869175,-0.791455746,-0.687615871,-0.689268112,-0.630761027
"Micronesia, Fed. Sts.",FSM,1.209316969,1.101389408,1.150869846,1.102858543,0.984550714,1.017171502,1.036456466,1.161634326,1.315352917,1.032756925,1.115463972,1.197937131,1.20921886,1.080778599
Moldova,MDA,-0.381340742,-0.049293749,0.046490479,0.000808572,-0.158987761,-0.32604599,-0.305498779,-0.314989209,-0.402167946,-0.387288392,-0.340111285,-0.205297247,-0.659070194,-0.683699608
Monaco,MCO,0.964173734,1.042408824,1.048162341,1.056243896,1.023347855,1.314925075,1.315310597,1.615091443,1.57751298,1.57736671,1.177310586,1.172655225,1.187032461,1.184979081
Mongolia,MNG,0.597042263,0.606538892,0.471134812,0.491320789,0.791901171,0.711831987,0.7876001,0.783372223,0.831260264,0.636750937,0.717836559,0.705918789,0.529954374,0.592669785
Montenegro,MNE,0.584210992,0.565341532,0.596563041,0.504595459,0.219455272,0.136638209,0.268716216,-0.062577493,0.037695564,0.058068648,-0.061197139,-0.052444637,-0.140881479,0.069302291
Morocco,MAR,-0.383013308,-0.392256796,-0.470458776,-0.493017614,-0.446265608,-0.344394982,-0.317617774,-0.378088832,-0.348492771,-0.345805377,-0.359523237,-0.402562678,-0.362119138,-0.367761225
Mozambique,MOZ,0.394421875,0.332048267,0.390493691,-0.22696647,-0.336002737,-0.516435564,-1.096814632,-0.918098509,-0.833229661,-0.765720069,-1.283123493,-1.257036209,-1.265608311,-1.268691301
Myanmar,MMR,-1.285928011,-1.111098409,-0.943674982,-1.140372396,-1.087580681,-1.16666913,-0.808124959,-1.084094644,-1.266975641,-1.330501676,-1.511740446,-2.084079266,-2.195713997,-2.125270128
Namibia,NAM,0.846940041,0.911657512,0.978104293,0.958809972,0.608740628,0.725260258,0.699528992,0.62190634,0.685118496,0.528890491,0.512431562,0.518789291,0.55988574,0.544777215
Nauru,NRU,1.453984499,1.061803818,1.026400208,1.054114819,0.601334393,1.088017941,1.108857036,0.931891143,0.945793033,0.795099676,0.778000653,0.789421439,0.877918005,0.976578057
Nepal,NPL,-1.583971143,-1.416443586,-1.381232262,-1.129146099,-0.72459954,-0.997430027,-0.846989989,-0.583756745,-0.543022752,-0.453659654,-0.178228781,-0.18770963,-0.239196882,-0.226184994
Netherlands,NLD,0.940750122,1.113630772,1.187464714,1.143815398,1.045115352,0.912540197,0.896933198,0.907123685,0.838281274,0.821324944,0.830933392,0.893059194,0.726799548,0.658281982
Netherlands Antilles,ANT,0.959880173,1.20577538,1.078248262,0.676403522,..,..,..,..,..,..,..,..,..,..
New Zealand,NZL,1.236488819,1.376731038,1.361365557,1.453926563,1.467927575,1.511137605,1.501143336,1.561946034,1.512162924,1.416953564,1.468353748,1.39449656,1.321169138,1.358569622
Nicaragua,NIC,-0.499709249,-0.269735813,-0.348777562,-0.249215871,-0.040780123,-0.092195526,-0.095483571,-0.053822666,-0.950928032,-0.992500722,-0.585719466,-0.471975327,-0.358511776,-0.125550047
Niger,NER,-1.160744548,-0.878004491,-1.148130894,-1.321799397,-1.175840497,-1.059703231,-1.10075748,-1.25950563,-1.35827601,-1.405006409,-1.667207718,-1.5385499,-1.464392304,-1.668859601
Nigeria,NGA,-2.211123228,-1.956454515,-2.042073727,-2.088478327,-2.130276442,-1.921705127,-1.873888969,-1.99671793,-2.097527027,-1.933154821,-1.892014623,-1.787384629,-1.778901458,-1.768438339
Niue,NIU,1.322361231,..,..,..,..,..,..,..,1.009086132,1.362703204,1.357103944,1.31677711,1.377358556,..
North Macedonia,MKD,-0.518517077,-0.617963791,-0.492649525,-0.416076392,0.256382942,-0.292592734,-0.355312616,-0.258880764,-0.211905926,0.008141692,0.112060539,0.062484078,0.180839285,0.170306504
Norway,NOR,1.332311511,1.337976933,1.327469826,1.352091908,1.11995852,1.145620108,1.181620955,1.150701761,1.120848536,1.142112136,1.221605778,1.088626385,0.861239254,0.892857432
Oman,OMN,0.59024173,0.43244046,0.462077081,0.459530205,0.734907329,0.778052211,0.749765635,0.749312878,0.64220053,0.589256704,0.419779539,0.431985289,0.532249212,0.586623669
Pakistan,PAK,-2.675933123,-2.810035467,-2.677003622,-2.603302002,-2.401279211,-2.471883535,-2.473873854,-2.396912098,-2.2540133,-2.251743078,-1.792694926,-1.713735461,-1.839826345,-1.932730794
Palau,PLW,1.453984499,1.061803818,1.026400208,1.054114819,0.989585757,0.821486235,0.846926332,1.213738561,1.195019484,1.17179811,1.166096687,1.172391534,1.083994269,1.080778599
Panama,PAN,-0.116048209,-0.028218862,-0.179432675,-0.141260922,0.209008202,0.37741518,0.400727749,0.380334169,0.25216198,0.290945798,0.235503376,0.307207078,0.289221227,0.213101849
Papua New Guinea,PNG,-0.808443785,-0.754677415,-0.590442359,-0.520246863,-0.339367092,-0.41628924,-0.504316509,-0.691195071,-0.656520247,-0.706948459,-0.653386533,-0.578463852,-0.659367442,-0.478844821
Paraguay,PRY,-0.834862232,-0.692596555,-0.871902168,-0.735861599,-0.08862751,0.035212629,0.134470806,-0.002855462,-0.086711079,-0.018012775,0.016717767,-0.000937932,0.035549313,0.082041629
Peru,PER,-0.999915421,-0.760749698,-0.907364726,-0.80573976,-0.550656915,-0.398910075,-0.207934842,-0.26350987,-0.276880771,-0.163622618,-0.357722938,-0.355252951,-0.487095445,-0.521785557
Philippines,PHL,-1.650759578,-1.392181635,-1.18824029,-1.084253192,-0.713820934,-0.854724228,-1.378690362,-1.189291,-1.096203804,-0.928060651,-0.778704286,-0.984022319,-0.65526855,-0.56605047
Poland,POL,1.01733005,1.072062969,1.04947865,0.973354995,0.842940807,0.862319052,0.496157646,0.509756148,0.480488688,0.550716519,0.491619498,0.491903543,0.505146444,0.559584558
Portugal,PRT,0.717686951,0.741739273,0.775272608,0.748763442,0.806274414,0.904212952,0.958625793,1.106169701,1.115307212,1.051751852,1.008731127,0.937390149,0.795802593,0.712578118
Puerto Rico,PRI,0.356976479,0.600148976,0.584973395,0.249155894,0.819992661,0.847117484,0.67782861,0.481970578,0.273784131,0.142660946,0.435354978,0.488091201,0.542631984,0.510210991
Qatar,QAT,1.15385592,1.174731016,1.223598838,1.212546468,0.977457762,0.983597457,0.884123743,0.647983015,0.649448752,0.6843701,0.66960603,0.833391726,0.960249305,0.993381143
Reunion,REU,0.395871073,0.416657001,0.431884825,0.423821241,0.257044077,0.263454974,0.290626764,0.293628544,0.237151697,0.209669754,0.198889047,0.226380363,0.258930266,0.049221765
Romania,ROU,0.273600399,0.186090663,0.082341559,0.179133072,0.049136128,0.181799337,0.266823202,0.048514169,0.036318745,0.542255998,0.508950412,0.581789911,0.43113631,0.373643965
Russian Federation,RUS,-0.929458737,-0.998262107,-0.817712665,-0.73609364,-0.943617463,-1.032223463,-0.947688162,-0.642759621,-0.538330913,-0.55108875,-0.667407393,-0.707898319,-1.005996704,-1.134333849
Rwanda,RWA,-0.272093862,-0.17711778,-0.230615199,-0.110951617,-0.313469648,0.002518378,-0.066518664,0.078271016,0.10175202,0.056992289,0.06945648,0.07197348,0.082752451,0.108091474
Samoa,WSM,0.765691876,0.988590956,0.99924016,0.98900789,1.12190485,1.166048288,1.175883532,1.161634326,1.133751631,1.163377762,1.147822022,1.107970715,1.096552014,1.0981884
San Marino,SMR,1.453984499,1.061803818,1.026400208,1.054114819,0.989585757,1.365985394,1.382750273,1.392889738,1.391248584,1.225971341,1.177310586,1.172655225,1.187032461,1.184979081
Sao Tome and Principe,STP,0.115442857,0.0078264,0.013335418,0.111840725,0.184183002,0.136271909,0.215979159,0.183461592,0.515948355,0.5006513,0.489600688,0.585204601,0.460358828,0.440705031
Saudi Arabia,SAU,-0.226726979,-0.464799643,-0.480688244,-0.431784123,-0.285844654,-0.634387195,-0.472771108,-0.649625719,-0.660987616,-0.624047399,-0.650637805,-0.592355371,-0.355806291,-0.21322453
Senegal,SEN,-0.41792497,-0.280602247,-0.108322032,-0.060722835,-0.198223099,-0.120225243,-0.22595489,-0.055722591,-0.107357509,0.037576407,-0.143102944,-0.17977111,-0.157593668,-0.138591379
Serbia,SRB,-0.421741664,-0.282882065,-0.217299461,-0.075638093,0.184110776,0.234833032,0.133281603,0.083367988,0.005321072,-0.078051545,-0.170754418,-0.085211463,-0.174069464,-0.039109707
Seychelles,SYC,0.856766224,0.937754095,0.744266331,0.825588942,0.361632437,0.674569547,0.715953171,0.779473782,0.673994184,0.658786893,0.701836467,0.744736969,0.762523115,0.763500512
Sierra Leone,SLE,-0.236645371,-0.168444857,-0.279945284,-0.174718276,-0.104039676,-0.106272891,-0.167113155,-0.03942655,-0.088795371,-0.056914806,-0.302384615,-0.096972123,-0.094513208,-0.238688722
Singapore,SGP,1.169414878,1.191421747,1.368174553,1.378178358,1.186271429,1.29889214,1.477468967,1.599125028,1.468256593,1.480454206,1.438511014,1.442505479,1.440372348,1.42420423
Slovak Republic,SVK,1.053316832,0.974757314,1.08840096,1.119518161,1.039121151,0.865759432,0.708230555,0.902731478,0.736685812,0.667368829,0.633981705,0.617919028,0.445335746,0.573219299
Slovenia,SVN,0.866508842,0.969209671,0.935110688,0.88225168,0.965773404,0.947492003,0.979141891,0.866365492,0.894267261,0.801585972,0.701467931,0.755585372,0.709335089,0.818632841
Solomon Islands,SLB,0.343293846,0.307558388,0.187316343,0.300382704,0.470224828,0.639986575,0.491754383,0.18808873,0.35522002,0.497185171,0.56044656,0.541874766,0.413905621,0.445870101
Somalia,SOM,-3.130971432,-3.083846569,-2.860755444,-2.758686543,-2.515828133,-2.370088816,-2.347157955,-2.249911308,-2.249115705,-2.386403084,-2.581469297,-2.727338552,-2.429696083,-2.377600908
South Africa,ZAF,-0.029427003,0.02403157,-0.0253867,-0.046294536,-0.146388963,-0.220544875,-0.149085,-0.284803629,-0.237546816,-0.283221096,-0.252867222,-0.75098145,-0.681386352,-0.665642023
South Sudan,SSD,..,-1.430328488,-1.156583309,-1.730328679,-2.646576643,-2.372008324,-2.412496805,-2.446237087,-2.43470645,-2.518467665,-2.19173646,-2.287328005,-2.213099957,-2.186107874
Spain,ESP,-0.318043739,0.021104537,-0.029516449,0.012017759,0.243121743,0.241160139,0.402214497,0.27084595,0.275906235,0.292768747,0.411448449,0.509235561,0.318843424,0.287291557
Sri Lanka,LKA,-0.942946851,-0.72477144,-0.717079222,-0.612895429,-0.330464035,0.083182663,-0.01134005,-0.075448006,-0.139304608,-0.215536609,-0.089128852,-0.37677303,-0.804306805,-0.508541286
St. Kitts and Nevis,KNA,1.036112189,0.957588255,0.975788057,0.958863378,0.572488189,0.564717531,0.606805444,0.628549755,0.677390516,0.700893521,0.929578841,0.949669898,0.938082099,0.92339325
St. Lucia,LCA,0.790275514,0.849078357,0.893705666,0.853357732,0.816450417,0.837734759,0.998592257,0.974611223,0.993462741,0.906603932,0.864731133,0.832014859,1.033623219,1.018019199
St. Vincent and the Grenadines,VCT,0.790275514,0.849078357,0.928883851,0.853357732,0.816450417,0.987564266,0.998592257,0.871100068,0.823102117,0.938079655,1.032623649,1.040310979,1.033623219,1.018019199
Sudan,SDN,-2.665277719,-2.522917271,-2.260563374,-2.193009615,-2.363084555,-2.155153036,-2.331105709,-1.971525431,-1.821862936,-1.696265817,-1.657106519,-1.987674117,-2.076920271,-2.466938972
Suriname,SUR,0.082475461,0.119975284,0.079325452,0.132779226,0.249270841,0.249509305,0.15281789,0.119801402,0.058266103,0.087680511,0.418843955,0.348392159,0.399689198,0.412738472
Sweden,SWE,1.094170451,1.230688095,1.170597196,1.127778053,1.065414786,0.932670474,1.000782132,0.968603015,0.921417594,1.011886358,0.9973768,1.014508009,0.910905123,0.758365273
Switzerland,CHE,1.258594275,1.300342083,1.418336034,1.401140213,1.402652621,1.326494217,1.28985405,1.242316484,1.319481969,1.310975432,1.176240206,1.115375638,1.159745336,1.071443915
Syrian Arab Republic,SYR,-0.805789709,-2.012106895,-2.682273865,-2.681142807,-2.74882412,-2.965176821,-2.906036139,-2.612919331,-2.736455917,-2.730469227,-2.711847782,-2.659650087,-2.776898384,-2.750606775
"Taiwan, China",TWN,0.85661,0.946774662,0.89138478,0.873134315,0.766413093,0.91313535,0.914119124,0.85892272,0.842051268,0.788774729,0.755992591,0.767897606,0.766374409,0.763789356
Tajikistan,TJK,-1.034538388,-1.023233891,-1.240859747,-1.182374001,-0.693340778,-0.88231802,-0.78061831,-0.674310863,-0.747715354,-0.512059867,-0.500074506,-0.676811934,-0.740999103,-0.472821504
Tanzania,TZA,0.014471621,-0.024133479,0.051454291,-0.162120849,-0.597118556,-0.423460692,-0.448246777,-0.570162117,-0.580475688,-0.388420016,-0.480807662,-0.335558683,-0.260344118,-0.052751601
Thailand,THA,-1.442788363,-1.133533716,-1.216630697,-1.311682701,-0.906386316,-0.995044947,-0.991300225,-0.754879415,-0.799416125,-0.491406113,-0.578270495,-0.568779886,-0.393339306,-0.280302882
Timor-Leste,TLS,-0.467514545,-0.462352425,-0.284831136,-0.384680241,-0.179694876,-0.27170971,-0.017668042,0.066382721,0.233299524,0.243081227,0.197396621,0.192392945,0.256246716,0.260184526
Togo,TGO,-0.179348394,-0.162598491,-0.386457771,-0.35371083,-0.167126864,-0.232123047,-0.175117105,-0.874444664,-0.885994554,-0.908257663,-0.890698075,-0.695706964,-0.788051605,-0.954195142
Tonga,TON,0.689703107,0.937798142,0.894514441,0.935446382,0.84719646,0.868294656,0.897029459,0.77156806,0.83336091,1.03502512,1.087378979,1.079338908,1.092905164,1.087574005
Trinidad and Tobago,TTO,-0.050823182,0.141080409,0.104277603,0.093686096,0.247864336,0.279361039,0.27725777,0.269299239,0.230739146,0.081590556,0.110414088,0.239110738,0.348423749,0.401362389
Tunisia,TUN,-0.063976362,-0.353741795,-0.721316934,-0.902563274,-0.851661503,-0.960177004,-1.139722347,-1.023490548,-0.868207276,-0.877084732,-0.594325781,-0.756551981,-0.594559073,-0.630951107
Turkiye,TUR,-0.915285528,-0.959997058,-1.22053194,-1.249932528,-1.086035967,-1.495309711,-2.007214785,-1.786376357,-1.315199852,-1.378181696,-1.143882632,-1.136792779,-1.032234788,-1.011080384
Turkmenistan,TKM,0.334105611,0.234129071,0.42808789,0.2490955,0.074206032,-0.089571141,-0.195148066,-0.128823027,-0.01288143,-0.178114116,-0.201640815,-0.331976593,-0.110257939,-0.111424536
Tuvalu,TUV,1.422731638,1.302488327,1.290351152,1.28392601,1.299327254,1.365985394,1.382750273,1.213738561,1.391248584,1.17179811,1.221251845,1.267685056,1.183103442,1.189081907
Uganda,UGA,-1.000558257,-0.976101816,-0.86896652,-0.838690639,-0.941126168,-0.804575801,-0.718276322,-0.569948733,-0.701696455,-0.694263935,-0.811038911,-0.937758684,-0.711015821,-0.695506096
Ukraine,UKR,0.013131719,-0.070431463,-0.092274904,-0.77728498,-2.020833492,-1.95953238,-1.853331923,-1.867417812,-1.872179389,-1.428376198,-1.163936496,-1.126984,-1.949324608,-1.429823399
United Arab Emirates,ARE,0.801757872,0.912175715,0.863251448,0.894792199,0.768908918,0.748049259,0.549646139,0.601949751,0.689255595,0.667538404,0.592605352,0.597572148,0.744183302,0.677530944
United Kingdom,GBR,0.411818206,0.351707608,0.402270734,0.486201435,0.415347636,0.503706396,0.347932637,0.380680293,0.077085562,0.526694298,0.483050257,0.489994138,0.533176064,0.514935672
United States,USA,0.438403934,0.591247261,0.632442117,0.643072605,0.582419634,0.662890196,0.385635316,0.262138307,0.386239082,0.118298575,-0.027899733,-0.014424653,0.008700687,0.029424749
Uruguay,URY,0.824986041,0.957096934,0.709167778,0.804738224,0.991879582,0.994889319,1.048521757,1.04009223,1.02414608,1.028297067,1.054964304,1.045971751,1.085829616,0.964887142
Uzbekistan,UZB,-0.720438123,-0.599719346,-0.518739343,-0.53607899,-0.273108631,-0.374532461,-0.280753702,-0.244978666,-0.3044011,-0.296637774,-0.436698049,-0.252933234,-0.201336011,-0.154609963
Vanuatu,VUT,1.275229573,1.109436989,1.201700807,1.160386682,0.636045277,0.458486795,0.48971042,0.676285207,0.802561283,1.006364584,0.882161856,0.900504649,0.961862087,0.932254612
"Venezuela, RB",VEN,-1.256236672,-1.094045997,-1.02713263,-1.077632427,-0.852002203,-0.97167027,-1.022976637,-1.252240658,-1.351334333,-1.538519621,-1.551842809,-1.454970241,-1.250806451,-1.189028025
Viet Nam,VNM,0.148407876,0.189088449,0.267358661,0.250577271,-0.022347357,0.063808225,0.226832524,0.211102173,0.033082962,0.039987404,-0.038989063,-0.117782436,-0.046132095,-0.036380734
Virgin Islands (U.S.),VIR,0.339058101,0.860623062,0.679576159,0.846709192,1.164254904,1.220001817,0.975613654,0.98149091,0.956182778,1.051519036,1.003442287,0.476293147,0.529783726,0.534723103
West Bank and Gaza,PSE,-1.973575473,-1.93561995,-1.956032157,-1.778823495,-1.985010862,-2.154096127,-1.970878363,-1.650646329,-1.8048774,-1.889428854,-2.01823926,-1.836923361,-1.701955438,-1.86521852
"Yemen, Rep.",YEM,-2.423716307,-2.426796436,-2.430663109,-2.3748281,-2.665575027,-2.668016195,-2.784488678,-2.93431735,-2.996234655,-2.771014452,-2.64773345,-2.58046031,-2.462735415,-2.56293869
Zambia,ZMB,0.515351355,0.509773791,0.660962522,0.435933292,0.156212017,0.144709781,0.132928282,0.142043307,0.082633056,-0.116989657,-0.130979195,0.052413795,0.161331877,0.201727286
Zimbabwe,ZWE,-1.10401392,-0.945328534,-0.778662026,-0.665949762,-0.713570178,-0.619207263,-0.620809734,-0.710430861,-0.721012056,-0.943302512,-1.052743435,-0.954442739,-0.894974113,-0.934447467
